,CustomerID,PurchaseDate,TransactionAmount,ProductInformation,OrderID,Location,LastPurchase,Recency,Frequency,Monetary
0,8814,2023-04-11,943.31,Product C,890075,Tokyo,2023-06-10,60,1,943.31
1,2188,2023-04-11,463.7,Product A,176819,London,2023-06-10,60,1,463.7
2,4608,2023-04-11,80.28,Product A,340062,New York,2023-06-10,60,1,80.28
3,2559,2023-04-11,221.29,Product A,239145,London,2023-06-10,60,1,221.29
4,9482,2023-04-11,739.56,Product A,194545,Paris,2023-06-10,60,1,739.56
5,8483,2023-04-11,375.23,Product C,691194,Paris,2023-06-10,60,1,375.23
6,8317,2023-04-11,272.56,Product B,826847,New York,2023-06-10,60,2,974.8800000000001
7,8317,2023-05-31,702.32,Product B,205149,London,2023-06-10,10,2,974.8800000000001
8,6911,2023-04-11,433.33,Product C,963918,Tokyo,2023-06-10,60,1,433.33
9,8993,2023-04-12,16.55,Product D,112426,New York,2023-06-10,59,1,16.55
10,3519,2023-04-12,464.63,Product C,139726,New York,2023-06-10,59,1,464.63
11,9005,2023-04-12,120.75,Product C,972064,Paris,2023-06-10,59,1,120.75
12,9409,2023-04-12,865.98,Product A,597126,London,2023-06-10,59,1,865.98
13,5670,2023-04-12,392.7,Product B,995296,London,2023-06-10,59,1,392.7
14,8724,2023-04-12,623.35,Product C,739717,London,2023-06-10,59,1,623.35
15,9148,2023-04-12,99.15,Product D,629996,Tokyo,2023-06-10,59,1,99.15
16,5837,2023-04-12,978.17,Product D,387813,New York,2023-06-10,59,1,978.17
17,2767,2023-04-12,299.57,Product D,342397,Tokyo,2023-06-10,59,1,299.57
18,2824,2023-04-12,744.13,Product B,334053,London,2023-06-10,59,1,744.13
19,9128,2023-04-12,388.9,Product D,281201,Paris,2023-06-10,59,1,388.9
20,1520,2023-04-12,102.76,Product B,629903,New York,2023-06-10,59,1,102.76
21,8719,2023-04-12,338.56,Product B,313701,Paris,2023-06-10,59,1,338.56
22,8529,2023-04-12,132.99,Product B,562721,Tokyo,2023-06-10,59,1,132.99
23,8705,2023-04-12,751.53,Product A,466960,London,2023-06-10,59,1,751.53
24,6347,2023-04-12,637.78,Product D,614435,London,2023-06-10,59,1,637.78
25,4161,2023-04-12,692.36,Product C,859587,London,2023-06-10,59,1,692.36
26,2228,2023-04-12,997.19,Product B,777366,Tokyo,2023-06-10,59,1,997.19
27,6638,2023-04-12,417.64,Product C,812597,London,2023-06-10,59,1,417.64
28,5533,2023-04-13,13.51,Product B,768061,Paris,2023-06-10,58,1,13.51
29,9871,2023-04-13,849.53,Product C,750817,Paris,2023-06-10,58,2,1820.53
30,9871,2023-05-07,971.0,Product B,680493,New York,2023-06-10,34,2,1820.53
31,9864,2023-04-13,621.28,Product B,761820,Paris,2023-06-10,58,1,621.28
32,1146,2023-04-13,585.27,Product D,821846,London,2023-06-10,58,1,585.27
33,9115,2023-04-13,134.98,Product C,205239,Tokyo,2023-06-10,58,1,134.98
34,5494,2023-04-13,974.55,Product C,831295,London,2023-06-10,58,1,974.55
35,4190,2023-04-13,786.12,Product B,745073,London,2023-06-10,58,1,786.12
36,5583,2023-04-13,693.38,Product B,564920,Tokyo,2023-06-10,58,2,839.24
37,5583,2023-05-05,145.86,Product B,773870,London,2023-06-10,36,2,839.24
38,2617,2023-04-13,575.3,Product D,789880,Tokyo,2023-06-10,58,1,575.3
39,6878,2023-04-13,226.63,Product D,343007,New York,2023-06-10,58,1,226.63
40,5349,2023-04-13,117.32,Product D,462479,Paris,2023-06-10,58,1,117.32
41,5173,2023-04-13,711.7,Product A,645175,London,2023-06-10,58,1,711.7
42,8216,2023-04-13,924.97,Product B,309385,Paris,2023-06-10,58,2,1117.49
43,8216,2023-05-02,192.52,Product A,364742,Tokyo,2023-06-10,39,2,1117.49
44,4302,2023-04-13,793.2,Product A,430926,Paris,2023-06-10,58,1,793.2
45,5087,2023-04-13,461.88,Product C,838862,London,2023-06-10,58,1,461.88
46,2524,2023-04-13,922.06,Product D,834891,Paris,2023-06-10,58,1,922.06
47,2741,2023-04-13,897.91,Product D,247271,Tokyo,2023-06-10,58,2,1104.57
48,2741,2023-05-12,206.66,Product B,915749,Paris,2023-06-10,29,2,1104.57
49,2139,2023-04-13,664.65,Product C,183667,London,2023-06-10,58,1,664.65
50,5919,2023-04-13,812.08,Product A,123682,Paris,2023-06-10,58,1,812.08
51,7781,2023-04-13,566.9,Product B,877259,London,2023-06-10,58,1,566.9
52,9584,2023-04-13,840.68,Product A,957730,New York,2023-06-10,58,2,1242.49
53,9584,2023-04-16,401.81,Product C,882033,Paris,2023-06-10,55,2,1242.49
54,2848,2023-04-13,811.38,Product D,744793,New York,2023-06-10,58,1,811.38
55,1742,2023-04-13,145.67,Product C,943019,Tokyo,2023-06-10,58,1,145.67
56,3676,2023-04-14,223.31,Product C,599687,New York,2023-06-10,57,1,223.31
57,9120,2023-04-14,972.57,Product D,923975,Paris,2023-06-10,57,1,972.57
58,3573,2023-04-14,110.25,Product B,299212,Tokyo,2023-06-10,57,2,292.33000000000004
59,3573,2023-04-26,182.08,Product A,264136,New York,2023-06-10,45,2,292.33000000000004
60,2169,2023-04-14,174.26,Product C,723948,Paris,2023-06-10,57,1,174.26
61,4401,2023-04-14,192.99,Product A,785010,Paris,2023-06-10,57,2,508.21000000000004
62,4401,2023-05-09,315.22,Product C,993892,New York,2023-06-10,32,2,508.21000000000004
63,8552,2023-04-14,176.31,Product D,961599,Tokyo,2023-06-10,57,1,176.31
64,4909,2023-04-14,252.03,Product D,221620,Tokyo,2023-06-10,57,1,252.03
65,9985,2023-04-14,36.1,Product D,649435,New York,2023-06-10,57,1,36.1
66,7770,2023-04-14,195.71,Product C,752878,Tokyo,2023-06-10,57,1,195.71
67,7797,2023-04-14,402.49,Product C,347231,Tokyo,2023-06-10,57,2,510.52
68,7797,2023-05-22,108.03,Product D,745558,Tokyo,2023-06-10,19,2,510.52
69,3406,2023-04-14,174.68,Product B,641737,Tokyo,2023-06-10,57,1,174.68
70,1323,2023-04-14,692.85,Product D,565897,Tokyo,2023-06-10,57,1,692.85
71,2200,2023-04-14,186.21,Product C,685193,New York,2023-06-10,57,1,186.21
72,5557,2023-04-14,511.86,Product D,522866,London,2023-06-10,57,3,2379.45
73,5557,2023-04-22,996.98,Product D,765620,Tokyo,2023-06-10,49,3,2379.45
74,5557,2023-06-01,870.61,Product B,832052,Tokyo,2023-06-10,9,3,2379.45
75,1616,2023-04-14,375.05,Product C,180458,New York,2023-06-10,57,1,375.05
76,5347,2023-04-14,135.49,Product D,651640,New York,2023-06-10,57,1,135.49
77,4923,2023-04-14,248.46,Product A,189814,Tokyo,2023-06-10,57,1,248.46
78,1936,2023-04-14,588.34,Product B,159642,New York,2023-06-10,57,1,588.34
79,3340,2023-04-15,535.2,Product A,739966,London,2023-06-10,56,1,535.2
80,7461,2023-04-15,595.98,Product A,556112,London,2023-06-10,56,1,595.98
81,5224,2023-04-15,388.85,Product B,809794,London,2023-06-10,56,1,388.85
82,7429,2023-04-15,547.76,Product B,301528,Paris,2023-06-10,56,1,547.76
83,2444,2023-04-15,270.46,Product C,183927,New York,2023-06-10,56,1,270.46
84,3709,2023-04-15,753.92,Product C,352593,Paris,2023-06-10,56,1,753.92
85,1753,2023-04-15,269.0,Product C,112960,London,2023-06-10,56,1,269.0
86,8770,2023-04-15,100.31,Product A,197758,Tokyo,2023-06-10,56,1,100.31
87,6482,2023-04-15,336.39,Product D,397949,Paris,2023-06-10,56,1,336.39
88,3538,2023-04-15,302.83,Product A,632351,New York,2023-06-10,56,1,302.83
89,1136,2023-04-15,394.76,Product C,795186,Paris,2023-06-10,56,1,394.76
90,2832,2023-04-15,945.6,Product B,672092,New York,2023-06-10,56,1,945.6
91,6201,2023-04-15,561.77,Product A,293079,Paris,2023-06-10,56,1,561.77
92,4044,2023-04-15,599.08,Product B,523389,New York,2023-06-10,56,1,599.08
93,3153,2023-04-16,910.53,Product C,883790,Tokyo,2023-06-10,55,1,910.53
94,1502,2023-04-16,748.65,Product B,494468,Tokyo,2023-06-10,55,1,748.65
95,7955,2023-04-16,436.3,Product B,671971,Paris,2023-06-10,55,1,436.3
96,8292,2023-04-16,812.41,Product C,800280,Paris,2023-06-10,55,1,812.41
97,9740,2023-04-16,507.55,Product B,720556,London,2023-06-10,55,1,507.55
98,1464,2023-04-16,55.01,Product C,782759,London,2023-06-10,55,1,55.01
99,4814,2023-04-16,159.18,Product D,327738,Paris,2023-06-10,55,1,159.18
100,9008,2023-04-16,899.9,Product D,947975,New York,2023-06-10,55,1,899.9
101,6077,2023-04-16,516.19,Product B,947312,London,2023-06-10,55,1,516.19
102,4559,2023-04-16,897.63,Product B,888996,New York,2023-06-10,55,1,897.63
103,5102,2023-04-16,378.13,Product B,154302,Tokyo,2023-06-10,55,1,378.13
104,3807,2023-04-16,504.86,Product D,776234,Paris,2023-06-10,55,1,504.86
105,8239,2023-04-16,605.2,Product A,356600,Paris,2023-06-10,55,1,605.2
106,8449,2023-04-16,257.58,Product B,853270,New York,2023-06-10,55,1,257.58
107,3110,2023-04-16,906.03,Product C,228479,New York,2023-06-10,55,1,906.03
108,4271,2023-04-17,35.48,Product B,769191,Paris,2023-06-10,54,1,35.48
109,9042,2023-04-17,873.99,Product C,592198,Tokyo,2023-06-10,54,1,873.99
110,7224,2023-04-17,365.39,Product C,733052,Paris,2023-06-10,54,1,365.39
111,2902,2023-04-17,242.45,Product B,507524,Tokyo,2023-06-10,54,1,242.45
112,1803,2023-04-17,422.79,Product B,269172,Paris,2023-06-10,54,2,1033.13
113,1803,2023-06-08,610.34,Product D,973294,Paris,2023-06-10,2,2,1033.13
114,7965,2023-04-17,738.63,Product B,412170,New York,2023-06-10,54,1,738.63
115,4871,2023-04-17,154.98,Product B,281926,London,2023-06-10,54,1,154.98
116,8909,2023-04-17,302.48,Product A,221707,London,2023-06-10,54,1,302.48
117,6262,2023-04-17,89.27,Product C,421384,Tokyo,2023-06-10,54,1,89.27
118,1879,2023-04-17,442.72,Product A,457137,Tokyo,2023-06-10,54,1,442.72
119,3937,2023-04-17,918.87,Product B,352674,London,2023-06-10,54,1,918.87
120,1820,2023-04-17,815.05,Product A,993647,Paris,2023-06-10,54,1,815.05
121,5813,2023-04-17,476.07,Product C,860413,London,2023-06-10,54,1,476.07
122,9564,2023-04-17,35.02,Product B,155642,New York,2023-06-10,54,2,945.27
123,9564,2023-06-05,910.25,Product D,966662,London,2023-06-10,5,2,945.27
124,3308,2023-04-17,60.1,Product D,745270,Tokyo,2023-06-10,54,1,60.1
125,3103,2023-04-17,393.53,Product C,628597,Tokyo,2023-06-10,54,1,393.53
126,6096,2023-04-17,582.9,Product C,703766,Tokyo,2023-06-10,54,1,582.9
127,2809,2023-04-17,527.97,Product A,145903,London,2023-06-10,54,1,527.97
128,5476,2023-04-18,801.35,Product D,519453,Tokyo,2023-06-10,53,1,801.35
129,8490,2023-04-18,701.26,Product D,430984,New York,2023-06-10,53,1,701.26
130,8195,2023-04-18,474.01,Product C,833723,Tokyo,2023-06-10,53,1,474.01
131,9418,2023-04-18,383.43,Product D,392670,Paris,2023-06-10,53,1,383.43
132,4279,2023-04-18,144.37,Product A,574001,London,2023-06-10,53,1,144.37
133,8414,2023-04-18,106.46,Product B,102303,Paris,2023-06-10,53,1,106.46
134,2029,2023-04-18,838.32,Product D,725726,New York,2023-06-10,53,1,838.32
135,4568,2023-04-18,243.61,Product D,440277,New York,2023-06-10,53,1,243.61
136,9369,2023-04-18,576.99,Product C,912764,Paris,2023-06-10,53,1,576.99
137,6169,2023-04-18,745.45,Product B,300845,London,2023-06-10,53,1,745.45
138,9561,2023-04-18,524.56,Product D,786341,London,2023-06-10,53,1,524.56
139,3858,2023-04-18,664.45,Product A,238205,New York,2023-06-10,53,1,664.45
140,2494,2023-04-18,709.16,Product C,189450,Tokyo,2023-06-10,53,2,1063.6399999999999
141,2494,2023-05-11,354.48,Product C,436653,New York,2023-06-10,30,2,1063.6399999999999
142,4990,2023-04-19,789.11,Product B,171942,London,2023-06-10,52,1,789.11
143,3392,2023-04-19,47.92,Product D,829884,London,2023-06-10,52,1,47.92
144,2911,2023-04-19,54.89,Product A,419149,Tokyo,2023-06-10,52,1,54.89
145,2749,2023-04-19,192.9,Product C,735022,London,2023-06-10,52,1,192.9
146,7971,2023-04-19,261.97,Product B,187889,Paris,2023-06-10,52,2,816.85
147,7971,2023-05-28,554.88,Product C,836996,Tokyo,2023-06-10,13,2,816.85
148,6447,2023-04-19,53.89,Product C,953025,London,2023-06-10,52,1,53.89
149,7484,2023-04-19,674.97,Product C,579434,Paris,2023-06-10,52,1,674.97
150,7421,2023-04-19,599.09,Product A,424620,Tokyo,2023-06-10,52,1,599.09
151,4157,2023-04-19,52.25,Product A,816308,Tokyo,2023-06-10,52,1,52.25
152,5450,2023-04-19,118.13,Product B,354235,New York,2023-06-10,52,1,118.13
153,9835,2023-04-19,657.0,Product C,224395,London,2023-06-10,52,1,657.0
154,1924,2023-04-19,508.86,Product C,345536,Paris,2023-06-10,52,1,508.86
155,1706,2023-04-19,577.75,Product B,241268,New York,2023-06-10,52,1,577.75
156,8429,2023-04-19,518.12,Product D,691303,New York,2023-06-10,52,1,518.12
157,3878,2023-04-19,386.41,Product B,624563,Paris,2023-06-10,52,1,386.41
158,9488,2023-04-20,311.08,Product B,438334,London,2023-06-10,51,1,311.08
159,9129,2023-04-20,337.86,Product A,349556,Paris,2023-06-10,51,1,337.86
160,1601,2023-04-20,855.29,Product C,447195,New York,2023-06-10,51,2,952.47
161,1601,2023-05-10,97.18,Product C,438977,New York,2023-06-10,31,2,952.47
162,1317,2023-04-20,59.14,Product A,294969,New York,2023-06-10,51,1,59.14
163,3485,2023-04-20,813.03,Product C,189318,London,2023-06-10,51,1,813.03
164,1510,2023-04-20,850.18,Product D,136489,London,2023-06-10,51,1,850.18
165,2009,2023-04-20,754.71,Product A,189870,Paris,2023-06-10,51,1,754.71
166,4695,2023-04-20,348.37,Product D,788842,London,2023-06-10,51,2,805.14
167,4695,2023-04-21,456.77,Product A,409234,New York,2023-06-10,50,2,805.14
168,8017,2023-04-21,14.78,Product B,923824,London,2023-06-10,50,1,14.78
169,8871,2023-04-21,528.99,Product D,254954,London,2023-06-10,50,1,528.99
170,6293,2023-04-21,632.87,Product A,880900,New York,2023-06-10,50,1,632.87
171,5994,2023-04-21,987.78,Product D,753453,London,2023-06-10,50,1,987.78
172,8269,2023-04-21,697.06,Product A,148225,Paris,2023-06-10,50,1,697.06
173,8123,2023-04-21,459.19,Product C,624902,London,2023-06-10,50,1,459.19
174,7981,2023-04-21,692.87,Product C,568849,New York,2023-06-10,50,1,692.87
175,8310,2023-04-21,187.35,Product B,871667,Tokyo,2023-06-10,50,1,187.35
176,9276,2023-04-21,421.77,Product D,196411,Paris,2023-06-10,50,1,421.77
177,9537,2023-04-21,688.46,Product B,245584,Paris,2023-06-10,50,1,688.46
178,9267,2023-04-21,131.93,Product A,493417,Paris,2023-06-10,50,1,131.93
179,6234,2023-04-21,639.82,Product A,961574,Paris,2023-06-10,50,1,639.82
180,2481,2023-04-21,809.52,Product C,966529,New York,2023-06-10,50,1,809.52
181,6770,2023-04-21,148.56,Product D,292988,New York,2023-06-10,50,1,148.56
182,6816,2023-04-21,650.53,Product A,690579,Tokyo,2023-06-10,50,1,650.53
183,3131,2023-04-21,588.15,Product C,105919,Paris,2023-06-10,50,1,588.15
184,3527,2023-04-21,189.04,Product B,856215,Tokyo,2023-06-10,50,1,189.04
185,5371,2023-04-21,789.5,Product A,501124,New York,2023-06-10,50,1,789.5
186,7043,2023-04-21,609.83,Product A,915573,London,2023-06-10,50,1,609.83
187,4450,2023-04-21,403.08,Product A,166891,Tokyo,2023-06-10,50,1,403.08
188,7151,2023-04-21,734.67,Product A,454366,Tokyo,2023-06-10,50,1,734.67
189,2296,2023-04-21,350.19,Product C,432270,Paris,2023-06-10,50,1,350.19
190,2234,2023-04-22,951.78,Product D,586490,Tokyo,2023-06-10,49,1,951.78
191,2083,2023-04-22,927.83,Product D,747033,Tokyo,2023-06-10,49,1,927.83
192,4022,2023-04-22,644.07,Product D,514798,New York,2023-06-10,49,1,644.07
193,2577,2023-04-22,481.11,Product A,921945,New York,2023-06-10,49,1,481.11
194,4585,2023-04-22,806.07,Product D,152657,London,2023-06-10,49,1,806.07
195,2121,2023-04-22,145.26,Product A,767830,Tokyo,2023-06-10,49,1,145.26
196,8178,2023-04-22,615.21,Product C,741055,New York,2023-06-10,49,1,615.21
197,4164,2023-04-22,614.84,Product D,967161,Tokyo,2023-06-10,49,1,614.84
198,9821,2023-04-22,979.58,Product C,472358,Paris,2023-06-10,49,1,979.58
199,8135,2023-04-22,736.46,Product C,745830,Tokyo,2023-06-10,49,1,736.46
200,5254,2023-04-22,553.08,Product B,382495,Tokyo,2023-06-10,49,2,1132.47
201,5254,2023-05-14,579.39,Product C,236014,Tokyo,2023-06-10,27,2,1132.47
202,9796,2023-04-22,372.14,Product B,579776,New York,2023-06-10,49,1,372.14
203,3877,2023-04-23,140.84,Product C,656639,Paris,2023-06-10,48,1,140.84
204,9571,2023-04-23,364.34,Product D,409698,London,2023-06-10,48,1,364.34
205,4755,2023-04-23,836.59,Product C,263573,New York,2023-06-10,48,1,836.59
206,5470,2023-04-23,810.73,Product C,270387,Tokyo,2023-06-10,48,1,810.73
207,3846,2023-04-23,876.43,Product B,977633,New York,2023-06-10,48,1,876.43
208,4054,2023-04-23,505.64,Product D,687923,New York,2023-06-10,48,1,505.64
209,3363,2023-04-23,606.44,Product D,624369,New York,2023-06-10,48,1,606.44
210,5105,2023-04-23,638.71,Product C,231250,Paris,2023-06-10,48,1,638.71
211,2462,2023-04-23,447.3,Product D,876936,Tokyo,2023-06-10,48,1,447.3
212,5051,2023-04-23,840.84,Product B,350132,London,2023-06-10,48,1,840.84
213,9824,2023-04-23,270.6,Product A,862760,New York,2023-06-10,48,2,622.27
214,9824,2023-05-11,351.67,Product D,577463,Paris,2023-06-10,30,2,622.27
215,7669,2023-04-23,103.38,Product D,471507,Tokyo,2023-06-10,48,1,103.38
216,2702,2023-04-24,542.38,Product D,777968,New York,2023-06-10,47,2,1164.3
217,2702,2023-04-27,621.92,Product A,786641,Tokyo,2023-06-10,44,2,1164.3
218,5861,2023-04-24,969.02,Product A,884309,Paris,2023-06-10,47,1,969.02
219,6633,2023-04-24,418.53,Product B,268772,London,2023-06-10,47,1,418.53
220,9595,2023-04-24,698.87,Product A,214611,New York,2023-06-10,47,1,698.87
221,4943,2023-04-24,76.62,Product A,568127,New York,2023-06-10,47,2,626.79
222,4943,2023-05-17,550.17,Product D,902903,Paris,2023-06-10,24,2,626.79
223,1149,2023-04-24,510.68,Product C,163386,Tokyo,2023-06-10,47,1,510.68
224,8848,2023-04-24,594.88,Product D,123536,London,2023-06-10,47,1,594.88
225,4291,2023-04-24,627.93,Product C,819964,Paris,2023-06-10,47,1,627.93
226,4882,2023-04-24,812.6,Product C,845279,Tokyo,2023-06-10,47,1,812.6
227,8311,2023-04-24,996.4,Product C,827691,Tokyo,2023-06-10,47,1,996.4
228,6617,2023-04-24,690.62,Product C,629959,Tokyo,2023-06-10,47,2,1148.94
229,6617,2023-04-29,458.32,Product B,244892,Tokyo,2023-06-10,42,2,1148.94
230,1256,2023-04-24,591.17,Product D,180674,Paris,2023-06-10,47,1,591.17
231,5809,2023-04-24,950.81,Product D,688602,New York,2023-06-10,47,1,950.81
232,5272,2023-04-24,673.03,Product C,350280,Paris,2023-06-10,47,1,673.03
233,6820,2023-04-24,673.47,Product A,738720,London,2023-06-10,47,1,673.47
234,8609,2023-04-24,346.79,Product B,427766,Paris,2023-06-10,47,1,346.79
235,6363,2023-04-24,460.15,Product C,898207,Tokyo,2023-06-10,47,1,460.15
236,2072,2023-04-24,673.63,Product B,818699,Tokyo,2023-06-10,47,1,673.63
237,4944,2023-04-24,587.51,Product A,152995,Paris,2023-06-10,47,1,587.51
238,8355,2023-04-25,538.67,Product C,947903,Tokyo,2023-06-10,46,1,538.67
239,3938,2023-04-25,806.29,Product A,520400,New York,2023-06-10,46,2,1731.53
240,3938,2023-05-28,925.24,Product D,941204,London,2023-06-10,13,2,1731.53
241,5076,2023-04-25,696.59,Product C,427252,London,2023-06-10,46,1,696.59
242,7870,2023-04-25,328.58,Product D,855276,Paris,2023-06-10,46,1,328.58
243,6085,2023-04-25,808.5,Product B,125611,New York,2023-06-10,46,1,808.5
244,5920,2023-04-25,222.67,Product C,122755,Paris,2023-06-10,46,1,222.67
245,1391,2023-04-25,546.13,Product A,451291,New York,2023-06-10,46,1,546.13
246,9700,2023-04-25,641.57,Product A,205065,Tokyo,2023-06-10,46,1,641.57
247,1744,2023-04-25,401.31,Product A,108060,London,2023-06-10,46,1,401.31
248,4166,2023-04-25,41.91,Product A,382967,Tokyo,2023-06-10,46,1,41.91
249,6068,2023-04-25,254.92,Product C,564687,London,2023-06-10,46,1,254.92
250,9922,2023-04-25,651.16,Product C,966785,London,2023-06-10,46,1,651.16
251,8711,2023-04-25,207.58,Product D,466643,Paris,2023-06-10,46,1,207.58
252,9841,2023-04-25,806.66,Product D,422823,Paris,2023-06-10,46,1,806.66
253,4728,2023-04-25,33.43,Product B,517821,Paris,2023-06-10,46,1,33.43
254,5853,2023-04-25,367.27,Product C,114835,London,2023-06-10,46,1,367.27
255,4804,2023-04-25,690.5,Product C,183336,Tokyo,2023-06-10,46,3,2073.33
256,4804,2023-05-10,641.53,Product D,367729,New York,2023-06-10,31,3,2073.33
257,4804,2023-05-15,741.3,Product A,283568,Tokyo,2023-06-10,26,3,2073.33
258,1920,2023-04-25,605.65,Product A,652021,Tokyo,2023-06-10,46,2,1117.9099999999999
259,1920,2023-05-03,512.26,Product C,584172,Tokyo,2023-06-10,38,2,1117.9099999999999
260,2527,2023-04-25,992.33,Product A,583863,New York,2023-06-10,46,1,992.33
261,8579,2023-04-26,875.74,Product A,564656,New York,2023-06-10,45,1,875.74
262,1651,2023-04-26,923.05,Product C,449773,Tokyo,2023-06-10,45,1,923.05
263,2847,2023-04-26,504.59,Product A,653948,New York,2023-06-10,45,1,504.59
264,6228,2023-04-26,471.81,Product C,571435,London,2023-06-10,45,1,471.81
265,3275,2023-04-26,792.47,Product A,478427,Paris,2023-06-10,45,1,792.47
266,2982,2023-04-26,232.45,Product C,122056,London,2023-06-10,45,1,232.45
267,6416,2023-04-26,12.71,Product A,215795,Tokyo,2023-06-10,45,1,12.71
268,3287,2023-04-26,747.54,Product C,883300,Tokyo,2023-06-10,45,1,747.54
269,2101,2023-04-26,780.73,Product C,479742,Tokyo,2023-06-10,45,1,780.73
270,4150,2023-04-26,286.22,Product C,335790,Paris,2023-06-10,45,1,286.22
271,9084,2023-04-26,224.71,Product D,575779,Tokyo,2023-06-10,45,1,224.71
272,7363,2023-04-26,262.45,Product C,778120,New York,2023-06-10,45,3,1386.3200000000002
273,7363,2023-04-28,188.02,Product C,726121,London,2023-06-10,43,3,1386.3200000000002
274,7363,2023-05-03,935.85,Product B,284654,London,2023-06-10,38,3,1386.3200000000002
275,2747,2023-04-26,387.55,Product C,702733,Paris,2023-06-10,45,1,387.55
276,6253,2023-04-26,308.75,Product B,792282,London,2023-06-10,45,1,308.75
277,4762,2023-04-26,466.02,Product B,389039,London,2023-06-10,45,1,466.02
278,9680,2023-04-26,425.62,Product A,249289,Paris,2023-06-10,45,2,844.6
279,9680,2023-04-30,418.98,Product B,244037,London,2023-06-10,41,2,844.6
280,3174,2023-04-26,154.78,Product C,968726,London,2023-06-10,45,1,154.78
281,9589,2023-04-26,249.89,Product C,914504,Tokyo,2023-06-10,45,1,249.89
282,1500,2023-04-26,378.74,Product D,286209,Tokyo,2023-06-10,45,1,378.74
283,4817,2023-04-27,812.96,Product A,698199,Tokyo,2023-06-10,44,1,812.96
284,2752,2023-04-27,614.74,Product B,226611,Tokyo,2023-06-10,44,1,614.74
285,5915,2023-04-27,566.52,Product A,517754,New York,2023-06-10,44,1,566.52
286,6742,2023-04-27,789.15,Product A,150486,Tokyo,2023-06-10,44,1,789.15
287,6221,2023-04-27,952.15,Product A,458411,London,2023-06-10,44,1,952.15
288,1731,2023-04-27,445.34,Product C,337232,Paris,2023-06-10,44,1,445.34
289,3695,2023-04-27,914.91,Product D,945664,Paris,2023-06-10,44,2,1770.85
290,3695,2023-05-01,855.94,Product D,221886,London,2023-06-10,40,2,1770.85
291,1228,2023-04-27,541.21,Product D,486490,Paris,2023-06-10,44,1,541.21
292,9465,2023-04-27,382.57,Product B,641455,Tokyo,2023-06-10,44,1,382.57
293,9625,2023-04-27,817.06,Product C,933551,Tokyo,2023-06-10,44,1,817.06
294,9669,2023-04-27,971.37,Product A,813328,New York,2023-06-10,44,1,971.37
295,8368,2023-04-27,355.09,Product A,560398,New York,2023-06-10,44,1,355.09
296,6053,2023-04-27,366.05,Product D,588640,New York,2023-06-10,44,1,366.05
297,7322,2023-04-27,544.83,Product C,125905,Paris,2023-06-10,44,1,544.83
298,4614,2023-04-27,88.42,Product B,641704,Paris,2023-06-10,44,1,88.42
299,9288,2023-04-27,141.13,Product C,172132,London,2023-06-10,44,1,141.13
300,7753,2023-04-27,164.16,Product A,100096,London,2023-06-10,44,1,164.16
301,5843,2023-04-27,907.84,Product D,507135,New York,2023-06-10,44,1,907.84
302,8925,2023-04-27,988.62,Product C,911801,Tokyo,2023-06-10,44,1,988.62
303,9849,2023-04-27,663.99,Product C,349087,New York,2023-06-10,44,1,663.99
304,1265,2023-04-27,557.78,Product D,409531,London,2023-06-10,44,1,557.78
305,3705,2023-04-27,532.4,Product D,322086,London,2023-06-10,44,1,532.4
306,2419,2023-04-28,882.81,Product B,886931,Tokyo,2023-06-10,43,1,882.81
307,9374,2023-04-28,403.9,Product B,156778,Tokyo,2023-06-10,43,1,403.9
308,8418,2023-04-28,703.47,Product D,296911,Paris,2023-06-10,43,1,703.47
309,9105,2023-04-28,329.64,Product C,454161,London,2023-06-10,43,1,329.64
310,8933,2023-04-28,727.34,Product C,205409,London,2023-06-10,43,1,727.34
311,8790,2023-04-28,56.1,Product A,817675,Paris,2023-06-10,43,1,56.1
312,6574,2023-04-28,163.92,Product C,207175,New York,2023-06-10,43,1,163.92
313,5622,2023-04-28,133.79,Product D,862427,New York,2023-06-10,43,1,133.79
314,2336,2023-04-28,448.68,Product D,609253,Tokyo,2023-06-10,43,1,448.68
315,5059,2023-04-28,648.17,Product B,680278,Paris,2023-06-10,43,1,648.17
316,7785,2023-04-28,223.41,Product A,461939,Tokyo,2023-06-10,43,1,223.41
317,2344,2023-04-28,162.68,Product B,875584,Tokyo,2023-06-10,43,1,162.68
318,8145,2023-04-28,841.71,Product B,812591,Paris,2023-06-10,43,1,841.71
319,5933,2023-04-28,498.19,Product A,275329,Tokyo,2023-06-10,43,2,1163.24
320,5933,2023-05-07,665.05,Product C,753050,London,2023-06-10,34,2,1163.24
321,4275,2023-04-28,752.68,Product B,400538,Paris,2023-06-10,43,1,752.68
322,4371,2023-04-28,754.8,Product A,705393,New York,2023-06-10,43,1,754.8
323,1046,2023-04-28,859.82,Product B,236306,Paris,2023-06-10,43,1,859.82
324,7054,2023-04-29,166.17,Product C,741390,New York,2023-06-10,42,1,166.17
325,7921,2023-04-29,617.0,Product A,823468,London,2023-06-10,42,1,617.0
326,6634,2023-04-29,474.51,Product A,821179,Tokyo,2023-06-10,42,1,474.51
327,4131,2023-04-29,363.4,Product A,787584,Paris,2023-06-10,42,1,363.4
328,4879,2023-04-29,268.38,Product C,939717,Tokyo,2023-06-10,42,1,268.38
329,2389,2023-04-29,520.3,Product C,197923,London,2023-06-10,42,1,520.3
330,2417,2023-04-29,767.62,Product D,499941,Tokyo,2023-06-10,42,1,767.62
331,9941,2023-04-29,960.53,Product B,412534,Paris,2023-06-10,42,1,960.53
332,3399,2023-04-29,51.65,Product A,463188,Tokyo,2023-06-10,42,2,123.06
333,3399,2023-06-03,71.41,Product C,313910,New York,2023-06-10,7,2,123.06
334,8362,2023-04-29,821.22,Product C,576136,New York,2023-06-10,42,1,821.22
335,1842,2023-04-29,604.41,Product C,208633,London,2023-06-10,42,1,604.41
336,1519,2023-04-29,414.78,Product B,903028,Tokyo,2023-06-10,42,2,504.2
337,1519,2023-05-02,89.42,Product B,158760,Paris,2023-06-10,39,2,504.2
338,2816,2023-04-29,681.44,Product D,652530,Paris,2023-06-10,42,1,681.44
339,4792,2023-04-29,709.89,Product D,174637,London,2023-06-10,42,1,709.89
340,7418,2023-04-29,649.71,Product B,618927,Tokyo,2023-06-10,42,1,649.71
341,1984,2023-04-29,208.69,Product C,155663,Tokyo,2023-06-10,42,1,208.69
342,9747,2023-04-29,878.7,Product D,947568,New York,2023-06-10,42,1,878.7
343,1919,2023-04-29,364.88,Product D,252640,London,2023-06-10,42,1,364.88
344,9022,2023-04-29,148.89,Product C,982885,Tokyo,2023-06-10,42,1,148.89
345,5067,2023-04-29,102.08,Product C,179721,London,2023-06-10,42,2,1005.37
346,5067,2023-06-05,903.29,Product C,705748,Paris,2023-06-10,5,2,1005.37
347,1645,2023-04-30,790.72,Product A,707727,Paris,2023-06-10,41,2,1292.1100000000001
348,1645,2023-05-16,501.39,Product B,821634,Tokyo,2023-06-10,25,2,1292.1100000000001
349,4700,2023-04-30,687.2,Product A,785491,New York,2023-06-10,41,1,687.2
350,3219,2023-04-30,16.7,Product D,448354,Tokyo,2023-06-10,41,1,16.7
351,1749,2023-04-30,948.98,Product D,863187,Paris,2023-06-10,41,1,948.98
352,1886,2023-04-30,529.14,Product C,666157,London,2023-06-10,41,1,529.14
353,7199,2023-04-30,736.66,Product C,233534,London,2023-06-10,41,1,736.66
354,8625,2023-04-30,168.12,Product C,823821,New York,2023-06-10,41,1,168.12
355,6707,2023-04-30,349.64,Product B,646428,Tokyo,2023-06-10,41,1,349.64
356,2075,2023-04-30,712.47,Product D,242239,New York,2023-06-10,41,1,712.47
357,5438,2023-04-30,258.89,Product A,856321,London,2023-06-10,41,1,258.89
358,4986,2023-04-30,667.32,Product C,596249,Paris,2023-06-10,41,1,667.32
359,1372,2023-04-30,468.37,Product D,657772,Tokyo,2023-06-10,41,1,468.37
360,7885,2023-04-30,787.87,Product D,489438,Tokyo,2023-06-10,41,1,787.87
361,7775,2023-04-30,282.4,Product B,756401,Tokyo,2023-06-10,41,1,282.4
362,8803,2023-04-30,88.17,Product A,626491,London,2023-06-10,41,1,88.17
363,9393,2023-04-30,844.64,Product C,846454,London,2023-06-10,41,1,844.64
364,8816,2023-04-30,19.04,Product D,936726,Paris,2023-06-10,41,1,19.04
365,4893,2023-04-30,130.63,Product B,540218,Tokyo,2023-06-10,41,1,130.63
366,2077,2023-04-30,404.18,Product D,651231,Tokyo,2023-06-10,41,1,404.18
367,1901,2023-04-30,669.42,Product B,225245,New York,2023-06-10,41,1,669.42
368,8807,2023-05-01,360.0,Product C,291663,London,2023-06-10,40,1,360.0
369,5903,2023-05-01,374.88,Product D,960109,New York,2023-06-10,40,1,374.88
370,5742,2023-05-01,128.78,Product D,883301,Tokyo,2023-06-10,40,1,128.78
371,1341,2023-05-01,180.15,Product D,972442,Paris,2023-06-10,40,1,180.15
372,8822,2023-05-01,936.47,Product A,373453,Tokyo,2023-06-10,40,1,936.47
373,9442,2023-05-01,95.87,Product A,293757,London,2023-06-10,40,1,95.87
374,1715,2023-05-01,747.26,Product D,504832,London,2023-06-10,40,2,1117.92
375,1715,2023-05-07,370.66,Product B,565776,Paris,2023-06-10,34,2,1117.92
376,5706,2023-05-01,292.56,Product A,906066,New York,2023-06-10,40,1,292.56
377,2557,2023-05-01,432.5,Product C,492483,London,2023-06-10,40,1,432.5
378,8324,2023-05-01,127.52,Product D,881439,New York,2023-06-10,40,1,127.52
379,4154,2023-05-01,518.76,Product A,275526,New York,2023-06-10,40,1,518.76
380,4812,2023-05-01,981.86,Product C,944654,Tokyo,2023-06-10,40,2,1279.44
381,4812,2023-05-26,297.58,Product B,101657,New York,2023-06-10,15,2,1279.44
382,6502,2023-05-01,894.1,Product A,245095,London,2023-06-10,40,1,894.1
383,8094,2023-05-01,26.72,Product A,660814,New York,2023-06-10,40,1,26.72
384,3194,2023-05-01,126.68,Product C,222629,London,2023-06-10,40,1,126.68
385,9788,2023-05-01,396.82,Product A,425236,Tokyo,2023-06-10,40,1,396.82
386,7521,2023-05-01,653.07,Product B,218959,New York,2023-06-10,40,1,653.07
387,6345,2023-05-01,458.23,Product B,178315,London,2023-06-10,40,1,458.23
388,8225,2023-05-01,424.59,Product D,824042,London,2023-06-10,40,1,424.59
389,4912,2023-05-01,723.79,Product D,299092,Tokyo,2023-06-10,40,1,723.79
390,3463,2023-05-02,90.69,Product B,466813,Paris,2023-06-10,39,1,90.69
391,2655,2023-05-02,308.75,Product B,265154,Tokyo,2023-06-10,39,1,308.75
392,7798,2023-05-02,934.91,Product C,960408,New York,2023-06-10,39,1,934.91
393,1225,2023-05-02,696.86,Product A,419939,Tokyo,2023-06-10,39,1,696.86
394,9785,2023-05-02,939.84,Product A,373903,London,2023-06-10,39,1,939.84
395,5342,2023-05-02,627.03,Product D,781403,New York,2023-06-10,39,1,627.03
396,7678,2023-05-02,547.19,Product D,165290,London,2023-06-10,39,1,547.19
397,3793,2023-05-02,363.95,Product D,752011,Paris,2023-06-10,39,1,363.95
398,7334,2023-05-02,973.99,Product D,825686,Tokyo,2023-06-10,39,1,973.99
399,1011,2023-05-02,918.72,Product B,945619,London,2023-06-10,39,2,1129.02
400,1011,2023-05-08,210.3,Product B,781571,Paris,2023-06-10,33,2,1129.02
401,4111,2023-05-02,729.28,Product B,819656,Tokyo,2023-06-10,39,1,729.28
402,4630,2023-05-02,781.33,Product A,635280,New York,2023-06-10,39,1,781.33
403,1480,2023-05-02,809.04,Product C,649300,New York,2023-06-10,39,2,1621.62
404,1480,2023-06-07,812.58,Product C,161437,Tokyo,2023-06-10,3,2,1621.62
405,4214,2023-05-02,237.72,Product B,623555,Paris,2023-06-10,39,1,237.72
406,9268,2023-05-02,660.96,Product D,469438,Paris,2023-06-10,39,1,660.96
407,3623,2023-05-02,564.25,Product D,343118,Tokyo,2023-06-10,39,1,564.25
408,1331,2023-05-02,819.21,Product C,426053,Paris,2023-06-10,39,1,819.21
409,8432,2023-05-02,165.84,Product C,856648,Paris,2023-06-10,39,1,165.84
410,3634,2023-05-02,417.53,Product D,402218,Tokyo,2023-06-10,39,1,417.53
411,7209,2023-05-02,38.41,Product C,290672,Tokyo,2023-06-10,39,1,38.41
412,6478,2023-05-03,880.99,Product D,536754,New York,2023-06-10,38,1,880.99
413,6703,2023-05-03,963.65,Product C,337288,London,2023-06-10,38,1,963.65
414,7291,2023-05-03,963.62,Product C,929504,London,2023-06-10,38,1,963.62
415,4475,2023-05-03,799.85,Product C,393243,Paris,2023-06-10,38,1,799.85
416,6730,2023-05-03,171.88,Product C,885342,New York,2023-06-10,38,1,171.88
417,8210,2023-05-03,725.21,Product B,531709,Tokyo,2023-06-10,38,1,725.21
418,2468,2023-05-03,558.68,Product C,503951,New York,2023-06-10,38,1,558.68
419,9674,2023-05-03,769.17,Product B,267378,New York,2023-06-10,38,1,769.17
420,6420,2023-05-03,136.93,Product B,204904,Paris,2023-06-10,38,1,136.93
421,9950,2023-05-03,679.11,Product C,739711,Tokyo,2023-06-10,38,1,679.11
422,7204,2023-05-03,550.56,Product A,969067,Tokyo,2023-06-10,38,1,550.56
423,8542,2023-05-03,164.55,Product C,484914,London,2023-06-10,38,1,164.55
424,8895,2023-05-03,667.07,Product D,255875,New York,2023-06-10,38,1,667.07
425,4029,2023-05-04,886.64,Product C,295646,Tokyo,2023-06-10,37,1,886.64
426,7437,2023-05-04,122.75,Product B,720995,London,2023-06-10,37,1,122.75
427,6188,2023-05-04,115.49,Product A,423241,Tokyo,2023-06-10,37,1,115.49
428,2294,2023-05-04,959.7,Product D,692447,London,2023-06-10,37,1,959.7
429,7543,2023-05-04,227.13,Product B,634277,Tokyo,2023-06-10,37,1,227.13
430,7563,2023-05-04,689.42,Product A,710610,Paris,2023-06-10,37,1,689.42
431,7939,2023-05-04,354.82,Product C,461260,New York,2023-06-10,37,2,763.0699999999999
432,7939,2023-05-25,408.25,Product B,390946,New York,2023-06-10,16,2,763.0699999999999
433,2337,2023-05-04,232.29,Product C,203896,Paris,2023-06-10,37,1,232.29
434,4178,2023-05-04,681.52,Product D,584106,Paris,2023-06-10,37,1,681.52
435,9368,2023-05-04,64.88,Product B,485548,London,2023-06-10,37,1,64.88
436,9576,2023-05-04,77.0,Product A,509420,Tokyo,2023-06-10,37,1,77.0
437,3735,2023-05-04,135.66,Product C,868538,New York,2023-06-10,37,1,135.66
438,6584,2023-05-04,827.06,Product B,985331,Tokyo,2023-06-10,37,1,827.06
439,3435,2023-05-04,398.57,Product C,240384,Tokyo,2023-06-10,37,1,398.57
440,5331,2023-05-04,241.68,Product B,643042,Paris,2023-06-10,37,1,241.68
441,3578,2023-05-04,606.0,Product A,793223,London,2023-06-10,37,1,606.0
442,2522,2023-05-04,816.81,Product B,219361,Tokyo,2023-06-10,37,1,816.81
443,7606,2023-05-04,54.79,Product A,697983,London,2023-06-10,37,1,54.79
444,7453,2023-05-04,796.95,Product C,684929,Paris,2023-06-10,37,1,796.95
445,1590,2023-05-04,246.86,Product A,265092,New York,2023-06-10,37,1,246.86
446,9331,2023-05-04,28.05,Product C,289019,London,2023-06-10,37,2,136.66
447,9331,2023-05-26,108.61,Product C,608205,New York,2023-06-10,15,2,136.66
448,3504,2023-05-04,764.89,Product A,728038,Paris,2023-06-10,37,1,764.89
449,6050,2023-05-04,899.99,Product A,475190,London,2023-06-10,37,1,899.99
450,6621,2023-05-04,192.07,Product D,320759,Tokyo,2023-06-10,37,1,192.07
451,5833,2023-05-04,618.48,Product B,240057,Tokyo,2023-06-10,37,1,618.48
452,5488,2023-05-04,825.27,Product D,766275,New York,2023-06-10,37,1,825.27
453,7099,2023-05-04,855.78,Product C,572623,London,2023-06-10,37,1,855.78
454,3697,2023-05-05,12.13,Product D,378085,Tokyo,2023-06-10,36,1,12.13
455,9307,2023-05-05,468.08,Product A,571579,London,2023-06-10,36,1,468.08
456,2425,2023-05-05,560.8,Product C,998235,Paris,2023-06-10,36,1,560.8
457,4788,2023-05-05,697.01,Product B,167348,Tokyo,2023-06-10,36,2,714.16
458,4788,2023-05-31,17.15,Product C,297731,Tokyo,2023-06-10,10,2,714.16
459,3369,2023-05-05,198.7,Product B,173201,Paris,2023-06-10,36,1,198.7
460,7251,2023-05-05,422.4,Product C,678944,New York,2023-06-10,36,2,444.89
461,7251,2023-06-03,22.49,Product B,503489,Tokyo,2023-06-10,7,2,444.89
462,4751,2023-05-05,98.44,Product A,208214,Paris,2023-06-10,36,1,98.44
463,6963,2023-05-05,921.02,Product B,999138,New York,2023-06-10,36,1,921.02
464,9289,2023-05-05,736.32,Product A,749838,Paris,2023-06-10,36,1,736.32
465,7883,2023-05-05,905.79,Product A,998348,Tokyo,2023-06-10,36,1,905.79
466,9899,2023-05-05,896.8,Product D,958130,Paris,2023-06-10,36,1,896.8
467,2654,2023-05-05,285.19,Product C,270555,Paris,2023-06-10,36,1,285.19
468,8254,2023-05-05,567.54,Product B,894268,Paris,2023-06-10,36,1,567.54
469,4765,2023-05-05,391.61,Product A,117367,London,2023-06-10,36,1,391.61
470,5634,2023-05-05,414.68,Product C,811875,New York,2023-06-10,36,2,720.25
471,5634,2023-05-27,305.57,Product D,255813,Tokyo,2023-06-10,14,2,720.25
472,2682,2023-05-05,508.3,Product C,275133,New York,2023-06-10,36,1,508.3
473,9609,2023-05-05,320.62,Product B,581992,Paris,2023-06-10,36,1,320.62
474,8821,2023-05-05,14.62,Product B,866151,Paris,2023-06-10,36,1,14.62
475,6168,2023-05-06,275.06,Product B,694731,Paris,2023-06-10,35,1,275.06
476,9328,2023-05-06,788.22,Product A,268546,Tokyo,2023-06-10,35,2,1710.17
477,9328,2023-05-30,921.95,Product B,825423,London,2023-06-10,11,2,1710.17
478,8161,2023-05-06,257.4,Product D,968668,Tokyo,2023-06-10,35,1,257.4
479,1992,2023-05-06,283.12,Product A,989227,Tokyo,2023-06-10,35,1,283.12
480,2180,2023-05-06,863.15,Product A,557409,New York,2023-06-10,35,1,863.15
481,6828,2023-05-06,518.33,Product C,372804,London,2023-06-10,35,1,518.33
482,6658,2023-05-06,139.46,Product C,639995,New York,2023-06-10,35,1,139.46
483,1813,2023-05-06,576.05,Product D,261050,New York,2023-06-10,35,1,576.05
484,9802,2023-05-06,533.55,Product B,975373,New York,2023-06-10,35,1,533.55
485,9444,2023-05-06,989.23,Product D,365618,New York,2023-06-10,35,1,989.23
486,6344,2023-05-06,700.24,Product B,301158,Tokyo,2023-06-10,35,1,700.24
487,1993,2023-05-06,730.93,Product A,360735,London,2023-06-10,35,1,730.93
488,2681,2023-05-06,418.22,Product A,966028,New York,2023-06-10,35,1,418.22
489,8201,2023-05-06,885.55,Product C,583757,London,2023-06-10,35,1,885.55
490,6107,2023-05-06,995.2,Product C,559381,Tokyo,2023-06-10,35,1,995.2
491,5512,2023-05-06,152.41,Product D,140666,Tokyo,2023-06-10,35,1,152.41
492,2531,2023-05-06,385.47,Product D,158840,New York,2023-06-10,35,1,385.47
493,3662,2023-05-06,990.71,Product C,722565,Paris,2023-06-10,35,1,990.71
494,9756,2023-05-06,225.65,Product D,964915,London,2023-06-10,35,1,225.65
495,6172,2023-05-07,955.89,Product A,834861,Paris,2023-06-10,34,1,955.89
496,9702,2023-05-07,570.27,Product B,278240,London,2023-06-10,34,1,570.27
497,5521,2023-05-07,306.75,Product A,478666,Paris,2023-06-10,34,1,306.75
498,2843,2023-05-07,158.15,Product A,210766,New York,2023-06-10,34,1,158.15
499,7793,2023-05-07,55.04,Product C,687638,London,2023-06-10,34,2,391.96000000000004
500,7793,2023-06-01,336.92,Product A,604906,Tokyo,2023-06-10,9,2,391.96000000000004
501,1104,2023-05-07,146.12,Product B,171269,London,2023-06-10,34,1,146.12
502,9908,2023-05-07,265.23,Product A,843596,New York,2023-06-10,34,1,265.23
503,6175,2023-05-07,368.65,Product B,546768,Paris,2023-06-10,34,1,368.65
504,3724,2023-05-07,490.78,Product B,520521,New York,2023-06-10,34,1,490.78
505,9553,2023-05-07,376.67,Product A,831531,Tokyo,2023-06-10,34,1,376.67
506,9173,2023-05-07,883.95,Product D,163941,New York,2023-06-10,34,1,883.95
507,4743,2023-05-07,345.54,Product D,518098,Tokyo,2023-06-10,34,1,345.54
508,5781,2023-05-07,393.92,Product A,860053,London,2023-06-10,34,1,393.92
509,6614,2023-05-07,987.32,Product D,250181,Paris,2023-06-10,34,1,987.32
510,7821,2023-05-07,157.73,Product D,292811,Tokyo,2023-06-10,34,1,157.73
511,8616,2023-05-08,827.48,Product C,437960,London,2023-06-10,33,1,827.48
512,5471,2023-05-08,490.79,Product D,452457,Tokyo,2023-06-10,33,1,490.79
513,7286,2023-05-08,193.9,Product B,681868,London,2023-06-10,33,1,193.9
514,3114,2023-05-08,507.84,Product A,971776,New York,2023-06-10,33,1,507.84
515,5673,2023-05-08,699.63,Product D,262316,London,2023-06-10,33,1,699.63
516,2761,2023-05-08,142.6,Product C,862847,Paris,2023-06-10,33,1,142.6
517,2443,2023-05-08,846.04,Product B,556839,Tokyo,2023-06-10,33,1,846.04
518,6967,2023-05-08,79.27,Product C,753425,Paris,2023-06-10,33,1,79.27
519,3502,2023-05-08,970.83,Product C,570988,London,2023-06-10,33,1,970.83
520,1507,2023-05-08,943.02,Product B,736818,Tokyo,2023-06-10,33,1,943.02
521,5511,2023-05-08,896.53,Product C,581294,Paris,2023-06-10,33,1,896.53
522,5970,2023-05-09,748.15,Product C,259338,London,2023-06-10,32,1,748.15
523,9535,2023-05-09,419.85,Product B,995706,New York,2023-06-10,32,1,419.85
524,5469,2023-05-09,906.25,Product B,971415,Tokyo,2023-06-10,32,1,906.25
525,8685,2023-05-09,619.19,Product A,119927,Paris,2023-06-10,32,1,619.19
526,5819,2023-05-09,185.65,Product A,296059,London,2023-06-10,32,1,185.65
527,5719,2023-05-09,882.04,Product D,227324,New York,2023-06-10,32,1,882.04
528,7693,2023-05-09,692.48,Product D,405407,New York,2023-06-10,32,1,692.48
529,6299,2023-05-09,34.66,Product D,718990,London,2023-06-10,32,1,34.66
530,3693,2023-05-09,471.39,Product D,226601,Paris,2023-06-10,32,1,471.39
531,4232,2023-05-09,596.28,Product D,104666,London,2023-06-10,32,1,596.28
532,6399,2023-05-09,341.39,Product B,415029,Paris,2023-06-10,32,1,341.39
533,8061,2023-05-09,561.42,Product D,208310,New York,2023-06-10,32,1,561.42
534,6898,2023-05-09,453.02,Product D,100205,New York,2023-06-10,32,1,453.02
535,4858,2023-05-09,756.22,Product C,416613,New York,2023-06-10,32,1,756.22
536,5499,2023-05-09,86.71,Product C,345884,Paris,2023-06-10,32,1,86.71
537,7146,2023-05-09,84.76,Product A,522419,Paris,2023-06-10,32,1,84.76
538,9514,2023-05-10,917.99,Product A,924758,Tokyo,2023-06-10,31,2,1553.53
539,9514,2023-05-27,635.54,Product D,947228,London,2023-06-10,14,2,1553.53
540,1200,2023-05-10,502.65,Product D,669902,New York,2023-06-10,31,1,502.65
541,3906,2023-05-10,751.84,Product C,137581,New York,2023-06-10,31,1,751.84
542,4575,2023-05-10,309.12,Product D,712879,New York,2023-06-10,31,1,309.12
543,4974,2023-05-10,374.59,Product D,910143,London,2023-06-10,31,2,982.95
544,4974,2023-05-25,608.36,Product B,515898,London,2023-06-10,16,2,982.95
545,8863,2023-05-10,450.9,Product C,610626,New York,2023-06-10,31,1,450.9
546,2291,2023-05-10,449.75,Product D,192295,Tokyo,2023-06-10,31,1,449.75
547,8399,2023-05-10,828.74,Product A,357657,Tokyo,2023-06-10,31,1,828.74
548,5694,2023-05-10,635.4,Product B,275715,Paris,2023-06-10,31,1,635.4
549,2551,2023-05-10,110.89,Product B,227352,New York,2023-06-10,31,1,110.89
550,7557,2023-05-10,279.11,Product D,823415,Tokyo,2023-06-10,31,1,279.11
551,1392,2023-05-10,629.21,Product A,873291,London,2023-06-10,31,1,629.21
552,4532,2023-05-10,826.31,Product B,851606,Paris,2023-06-10,31,1,826.31
553,2310,2023-05-10,803.01,Product A,478458,Tokyo,2023-06-10,31,1,803.01
554,7046,2023-05-10,950.75,Product C,710224,New York,2023-06-10,31,2,1662.1
555,7046,2023-05-31,711.35,Product C,654718,New York,2023-06-10,10,2,1662.1
556,7408,2023-05-10,774.62,Product B,461724,New York,2023-06-10,31,1,774.62
557,8372,2023-05-10,683.31,Product C,234568,London,2023-06-10,31,1,683.31
558,2988,2023-05-10,142.01,Product D,800005,Paris,2023-06-10,31,1,142.01
559,3509,2023-05-10,750.26,Product C,536045,Tokyo,2023-06-10,31,1,750.26
560,7735,2023-05-10,865.2,Product A,806073,New York,2023-06-10,31,1,865.2
561,9508,2023-05-10,157.45,Product B,443897,Paris,2023-06-10,31,1,157.45
562,5150,2023-05-11,642.13,Product B,477934,New York,2023-06-10,30,1,642.13
563,5949,2023-05-11,252.43,Product D,411882,Tokyo,2023-06-10,30,1,252.43
564,3140,2023-05-11,921.19,Product A,531262,Tokyo,2023-06-10,30,1,921.19
565,5011,2023-05-11,615.16,Product A,577538,Tokyo,2023-06-10,30,1,615.16
566,4290,2023-05-11,321.04,Product D,434640,Paris,2023-06-10,30,1,321.04
567,3450,2023-05-11,807.61,Product B,541996,Tokyo,2023-06-10,30,1,807.61
568,9991,2023-05-11,626.81,Product B,828834,New York,2023-06-10,30,1,626.81
569,2118,2023-05-11,447.79,Product C,935012,Paris,2023-06-10,30,1,447.79
570,2526,2023-05-11,662.8,Product A,912510,Tokyo,2023-06-10,30,2,1635.23
571,2526,2023-05-27,972.43,Product C,991401,New York,2023-06-10,14,2,1635.23
572,4555,2023-05-11,216.8,Product C,417915,New York,2023-06-10,30,1,216.8
573,2041,2023-05-11,453.79,Product C,638169,New York,2023-06-10,30,1,453.79
574,1504,2023-05-11,164.76,Product B,243006,Tokyo,2023-06-10,30,1,164.76
575,2342,2023-05-11,845.33,Product C,923002,Tokyo,2023-06-10,30,1,845.33
576,6706,2023-05-11,106.65,Product D,434400,New York,2023-06-10,30,1,106.65
577,7358,2023-05-11,918.72,Product A,141843,Paris,2023-06-10,30,1,918.72
578,9363,2023-05-12,777.0,Product D,182216,Tokyo,2023-06-10,29,1,777.0
579,8715,2023-05-12,895.93,Product C,195563,Tokyo,2023-06-10,29,1,895.93
580,3832,2023-05-12,827.45,Product A,724145,Paris,2023-06-10,29,1,827.45
581,4048,2023-05-12,522.57,Product A,374492,Paris,2023-06-10,29,1,522.57
582,7434,2023-05-12,150.75,Product C,758309,Tokyo,2023-06-10,29,1,150.75
583,3522,2023-05-12,933.33,Product C,633590,Paris,2023-06-10,29,1,933.33
584,1108,2023-05-13,883.21,Product D,273650,London,2023-06-10,28,1,883.21
585,7256,2023-05-13,532.19,Product B,956572,London,2023-06-10,28,1,532.19
586,9210,2023-05-13,99.65,Product C,626560,New York,2023-06-10,28,1,99.65
587,8405,2023-05-13,229.33,Product A,862569,Paris,2023-06-10,28,1,229.33
588,5460,2023-05-13,544.58,Product D,184349,New York,2023-06-10,28,1,544.58
589,4637,2023-05-13,749.38,Product B,567432,Paris,2023-06-10,28,1,749.38
590,2263,2023-05-13,647.04,Product B,257538,London,2023-06-10,28,1,647.04
591,7670,2023-05-13,115.4,Product A,627611,Paris,2023-06-10,28,1,115.4
592,9693,2023-05-13,201.96,Product C,468154,London,2023-06-10,28,1,201.96
593,1120,2023-05-13,999.44,Product C,688730,Paris,2023-06-10,28,1,999.44
594,7723,2023-05-13,777.22,Product D,989587,New York,2023-06-10,28,1,777.22
595,3196,2023-05-13,847.68,Product D,846606,Paris,2023-06-10,28,1,847.68
596,4892,2023-05-13,786.46,Product C,826596,New York,2023-06-10,28,1,786.46
597,7529,2023-05-13,440.15,Product B,899049,London,2023-06-10,28,1,440.15
598,6354,2023-05-13,700.79,Product B,152973,Tokyo,2023-06-10,28,1,700.79
599,6873,2023-05-13,307.19,Product B,981473,London,2023-06-10,28,1,307.19
600,3262,2023-05-14,215.27,Product C,794395,Tokyo,2023-06-10,27,2,1080.46
601,3262,2023-06-04,865.19,Product A,884140,London,2023-06-10,6,2,1080.46
602,2633,2023-05-14,911.34,Product A,857537,London,2023-06-10,27,1,911.34
603,2341,2023-05-14,452.28,Product C,181896,New York,2023-06-10,27,1,452.28
604,6542,2023-05-14,527.87,Product A,553873,London,2023-06-10,27,1,527.87
605,3150,2023-05-14,840.13,Product A,136862,Paris,2023-06-10,27,1,840.13
606,8126,2023-05-14,643.39,Product C,464032,Tokyo,2023-06-10,27,1,643.39
607,8199,2023-05-14,527.52,Product B,481574,Paris,2023-06-10,27,1,527.52
608,1166,2023-05-14,948.58,Product A,353080,Tokyo,2023-06-10,27,1,948.58
609,9901,2023-05-14,498.97,Product B,992400,Tokyo,2023-06-10,27,1,498.97
610,9064,2023-05-15,315.96,Product D,139807,New York,2023-06-10,26,1,315.96
611,7566,2023-05-15,511.55,Product D,670053,New York,2023-06-10,26,1,511.55
612,6986,2023-05-15,686.11,Product D,907788,New York,2023-06-10,26,1,686.11
613,6688,2023-05-15,434.09,Product C,172306,Paris,2023-06-10,26,1,434.09
614,4683,2023-05-15,295.78,Product D,693127,Tokyo,2023-06-10,26,1,295.78
615,4510,2023-05-15,140.99,Product D,354801,Tokyo,2023-06-10,26,1,140.99
616,4116,2023-05-15,454.13,Product D,292401,Paris,2023-06-10,26,1,454.13
617,8859,2023-05-15,783.62,Product C,693128,Paris,2023-06-10,26,1,783.62
618,7865,2023-05-15,750.04,Product B,611945,London,2023-06-10,26,1,750.04
619,2063,2023-05-16,546.75,Product C,992717,London,2023-06-10,25,1,546.75
620,6439,2023-05-16,769.74,Product D,851470,Paris,2023-06-10,25,1,769.74
621,3024,2023-05-16,260.21,Product B,315477,New York,2023-06-10,25,1,260.21
622,1643,2023-05-16,393.52,Product A,299072,Paris,2023-06-10,25,1,393.52
623,6829,2023-05-16,941.73,Product D,294760,Tokyo,2023-06-10,25,1,941.73
624,6939,2023-05-16,295.72,Product D,628750,Tokyo,2023-06-10,25,1,295.72
625,4863,2023-05-16,437.9,Product D,305587,London,2023-06-10,25,1,437.9
626,6714,2023-05-16,934.36,Product C,401769,New York,2023-06-10,25,1,934.36
627,7653,2023-05-16,835.39,Product C,400850,London,2023-06-10,25,1,835.39
628,8879,2023-05-16,206.13,Product D,783932,London,2023-06-10,25,1,206.13
629,9004,2023-05-16,760.58,Product D,777278,Tokyo,2023-06-10,25,1,760.58
630,2940,2023-05-16,766.8,Product B,913373,Tokyo,2023-06-10,25,1,766.8
631,9376,2023-05-16,574.96,Product B,198867,New York,2023-06-10,25,1,574.96
632,1182,2023-05-16,876.02,Product B,229221,New York,2023-06-10,25,1,876.02
633,1944,2023-05-16,418.55,Product D,684357,London,2023-06-10,25,1,418.55
634,1082,2023-05-17,600.69,Product A,419491,London,2023-06-10,24,1,600.69
635,3762,2023-05-17,766.84,Product D,923353,New York,2023-06-10,24,1,766.84
636,9918,2023-05-17,182.11,Product D,483041,New York,2023-06-10,24,1,182.11
637,5888,2023-05-17,606.76,Product C,398384,Tokyo,2023-06-10,24,1,606.76
638,1517,2023-05-17,948.72,Product A,300051,New York,2023-06-10,24,1,948.72
639,9443,2023-05-17,249.52,Product B,405420,Tokyo,2023-06-10,24,1,249.52
640,3148,2023-05-17,689.15,Product A,855829,Paris,2023-06-10,24,1,689.15
641,8796,2023-05-17,747.86,Product D,375311,New York,2023-06-10,24,1,747.86
642,1972,2023-05-17,357.31,Product C,725850,London,2023-06-10,24,1,357.31
643,9044,2023-05-17,784.15,Product C,494322,Paris,2023-06-10,24,1,784.15
644,9897,2023-05-17,661.53,Product B,991737,Paris,2023-06-10,24,1,661.53
645,3661,2023-05-17,248.07,Product D,809922,Paris,2023-06-10,24,1,248.07
646,7170,2023-05-18,906.98,Product A,367865,London,2023-06-10,23,1,906.98
647,7431,2023-05-18,123.09,Product C,986589,Tokyo,2023-06-10,23,1,123.09
648,7455,2023-05-18,568.75,Product A,188025,Tokyo,2023-06-10,23,1,568.75
649,7049,2023-05-18,557.0,Product D,233636,New York,2023-06-10,23,1,557.0
650,5033,2023-05-18,598.57,Product A,539589,Paris,2023-06-10,23,1,598.57
651,7824,2023-05-18,314.6,Product A,725905,Tokyo,2023-06-10,23,1,314.6
652,3420,2023-05-18,707.65,Product B,911982,New York,2023-06-10,23,1,707.65
653,1273,2023-05-18,76.86,Product C,326222,New York,2023-06-10,23,1,76.86
654,6661,2023-05-18,306.16,Product D,823846,Paris,2023-06-10,23,1,306.16
655,9108,2023-05-19,883.52,Product D,399628,New York,2023-06-10,22,1,883.52
656,8359,2023-05-19,992.85,Product D,278852,London,2023-06-10,22,1,992.85
657,5660,2023-05-19,26.14,Product B,416503,New York,2023-06-10,22,1,26.14
658,6277,2023-05-19,156.85,Product B,388375,Paris,2023-06-10,22,1,156.85
659,4616,2023-05-19,720.67,Product A,318877,Tokyo,2023-06-10,22,1,720.67
660,7916,2023-05-19,72.89,Product D,724834,Tokyo,2023-06-10,22,1,72.89
661,1530,2023-05-19,161.9,Product D,488984,Paris,2023-06-10,22,1,161.9
662,7859,2023-05-19,916.75,Product B,386886,Tokyo,2023-06-10,22,1,916.75
663,7240,2023-05-19,535.25,Product D,630108,Tokyo,2023-06-10,22,1,535.25
664,4770,2023-05-19,803.91,Product B,767542,London,2023-06-10,22,1,803.91
665,7730,2023-05-19,151.29,Product B,753484,Paris,2023-06-10,22,1,151.29
666,8149,2023-05-19,984.39,Product A,503906,London,2023-06-10,22,1,984.39
667,3837,2023-05-19,802.86,Product B,364650,Paris,2023-06-10,22,1,802.86
668,1430,2023-05-19,929.79,Product C,130359,London,2023-06-10,22,1,929.79
669,5382,2023-05-19,648.2,Product C,566509,Paris,2023-06-10,22,1,648.2
670,1685,2023-05-19,737.98,Product D,855185,Paris,2023-06-10,22,1,737.98
671,3983,2023-05-19,325.03,Product B,770718,New York,2023-06-10,22,1,325.03
672,6267,2023-05-19,480.87,Product B,164879,Tokyo,2023-06-10,22,1,480.87
673,3120,2023-05-20,439.37,Product D,522988,Tokyo,2023-06-10,21,1,439.37
674,3719,2023-05-20,147.84,Product B,953047,London,2023-06-10,21,1,147.84
675,9383,2023-05-20,950.26,Product D,677079,Tokyo,2023-06-10,21,1,950.26
676,7457,2023-05-20,939.75,Product A,645940,New York,2023-06-10,21,1,939.75
677,6776,2023-05-20,998.17,Product C,770532,New York,2023-06-10,21,1,998.17
678,8251,2023-05-20,816.86,Product D,970914,Tokyo,2023-06-10,21,1,816.86
679,9615,2023-05-20,704.3,Product C,151470,Paris,2023-06-10,21,1,704.3
680,3525,2023-05-20,290.3,Product D,772036,Paris,2023-06-10,21,1,290.3
681,1567,2023-05-20,622.98,Product B,778720,Paris,2023-06-10,21,1,622.98
682,1025,2023-05-20,359.29,Product D,296412,New York,2023-06-10,21,1,359.29
683,2293,2023-05-20,872.13,Product B,621841,London,2023-06-10,21,1,872.13
684,4617,2023-05-20,836.4,Product B,220190,London,2023-06-10,21,1,836.4
685,7825,2023-05-20,642.6,Product D,757629,Paris,2023-06-10,21,1,642.6
686,9761,2023-05-20,58.1,Product A,794125,New York,2023-06-10,21,1,58.1
687,1713,2023-05-21,393.01,Product C,365971,New York,2023-06-10,20,1,393.01
688,6822,2023-05-21,309.3,Product C,951331,New York,2023-06-10,20,1,309.3
689,6934,2023-05-21,892.66,Product D,841666,London,2023-06-10,20,1,892.66
690,7911,2023-05-21,616.19,Product D,990136,New York,2023-06-10,20,1,616.19
691,2035,2023-05-21,825.62,Product C,780776,Tokyo,2023-06-10,20,1,825.62
692,3871,2023-05-21,499.42,Product A,311505,Paris,2023-06-10,20,1,499.42
693,1185,2023-05-21,209.18,Product C,366776,New York,2023-06-10,20,1,209.18
694,3280,2023-05-21,309.8,Product C,790658,London,2023-06-10,20,1,309.8
695,6134,2023-05-21,67.43,Product D,386814,London,2023-06-10,20,1,67.43
696,5285,2023-05-22,365.96,Product B,165142,New York,2023-06-10,19,1,365.96
697,7666,2023-05-22,935.68,Product D,600641,London,2023-06-10,19,1,935.68
698,5350,2023-05-22,785.07,Product B,856442,New York,2023-06-10,19,1,785.07
699,9266,2023-05-22,180.83,Product B,841995,Tokyo,2023-06-10,19,1,180.83
700,6499,2023-05-22,98.41,Product C,334176,Paris,2023-06-10,19,1,98.41
701,4387,2023-05-22,147.19,Product B,244818,Paris,2023-06-10,19,1,147.19
702,1190,2023-05-22,935.03,Product D,993251,Tokyo,2023-06-10,19,1,935.03
703,7275,2023-05-22,490.73,Product D,139285,London,2023-06-10,19,1,490.73
704,1828,2023-05-22,999.29,Product A,197793,London,2023-06-10,19,1,999.29
705,3879,2023-05-22,610.56,Product C,966589,London,2023-06-10,19,1,610.56
706,7909,2023-05-22,887.26,Product B,218548,London,2023-06-10,19,1,887.26
707,3417,2023-05-22,690.75,Product A,916232,Tokyo,2023-06-10,19,1,690.75
708,4483,2023-05-22,504.24,Product D,249811,Paris,2023-06-10,19,1,504.24
709,4626,2023-05-22,232.86,Product B,382154,Tokyo,2023-06-10,19,1,232.86
710,8504,2023-05-22,964.39,Product A,602248,Tokyo,2023-06-10,19,1,964.39
711,5664,2023-05-22,745.5,Product C,532961,London,2023-06-10,19,1,745.5
712,5192,2023-05-22,238.85,Product C,376955,Tokyo,2023-06-10,19,1,238.85
713,8982,2023-05-22,324.11,Product C,334081,London,2023-06-10,19,1,324.11
714,8758,2023-05-23,123.25,Product B,587623,Paris,2023-06-10,18,1,123.25
715,2229,2023-05-23,641.14,Product C,638009,London,2023-06-10,18,1,641.14
716,8493,2023-05-23,593.42,Product B,623059,New York,2023-06-10,18,1,593.42
717,5762,2023-05-23,76.69,Product A,307007,Tokyo,2023-06-10,18,1,76.69
718,7078,2023-05-23,949.89,Product D,715870,London,2023-06-10,18,1,949.89
719,3535,2023-05-23,487.37,Product A,467121,Paris,2023-06-10,18,1,487.37
720,6400,2023-05-23,131.01,Product C,797660,Tokyo,2023-06-10,18,1,131.01
721,5088,2023-05-23,111.77,Product D,750810,London,2023-06-10,18,1,111.77
722,9621,2023-05-23,256.28,Product B,685549,Tokyo,2023-06-10,18,1,256.28
723,3804,2023-05-23,628.23,Product C,983456,New York,2023-06-10,18,1,628.23
724,5060,2023-05-23,248.74,Product A,901164,London,2023-06-10,18,1,248.74
725,9538,2023-05-23,982.29,Product D,508024,Paris,2023-06-10,18,1,982.29
726,2501,2023-05-23,219.98,Product A,153035,Paris,2023-06-10,18,1,219.98
727,2879,2023-05-23,352.55,Product B,773462,London,2023-06-10,18,1,352.55
728,5298,2023-05-23,864.01,Product C,725969,Tokyo,2023-06-10,18,1,864.01
729,1653,2023-05-24,886.8,Product D,934883,New York,2023-06-10,17,1,886.8
730,4750,2023-05-24,837.6,Product A,901909,Paris,2023-06-10,17,1,837.6
731,8575,2023-05-24,808.85,Product A,515182,Paris,2023-06-10,17,1,808.85
732,5890,2023-05-24,117.02,Product A,452618,Paris,2023-06-10,17,1,117.02
733,1193,2023-05-24,218.64,Product A,441244,Paris,2023-06-10,17,1,218.64
734,2791,2023-05-24,802.05,Product B,641058,London,2023-06-10,17,1,802.05
735,6236,2023-05-24,148.53,Product A,787237,Tokyo,2023-06-10,17,1,148.53
736,8517,2023-05-24,466.11,Product A,605382,New York,2023-06-10,17,1,466.11
737,2679,2023-05-24,743.26,Product A,719176,Tokyo,2023-06-10,17,1,743.26
738,7984,2023-05-24,116.88,Product D,177060,New York,2023-06-10,17,1,116.88
739,5106,2023-05-24,758.02,Product B,758765,New York,2023-06-10,17,1,758.02
740,7179,2023-05-24,608.92,Product A,176319,London,2023-06-10,17,1,608.92
741,9510,2023-05-24,450.62,Product A,829386,Paris,2023-06-10,17,1,450.62
742,4598,2023-05-24,331.04,Product A,340174,New York,2023-06-10,17,1,331.04
743,6298,2023-05-24,924.9,Product A,217996,Tokyo,2023-06-10,17,1,924.9
744,7211,2023-05-24,750.65,Product B,745414,Paris,2023-06-10,17,1,750.65
745,8244,2023-05-24,221.56,Product D,932291,London,2023-06-10,17,1,221.56
746,7116,2023-05-25,149.94,Product D,538555,London,2023-06-10,16,1,149.94
747,6644,2023-05-25,73.12,Product A,172371,Tokyo,2023-06-10,16,1,73.12
748,5477,2023-05-25,764.79,Product C,468074,New York,2023-06-10,16,1,764.79
749,2999,2023-05-25,860.81,Product C,652654,Tokyo,2023-06-10,16,1,860.81
750,6431,2023-05-25,245.2,Product D,381631,Paris,2023-06-10,16,1,245.2
751,6890,2023-05-25,896.55,Product A,214682,London,2023-06-10,16,1,896.55
752,3521,2023-05-25,540.99,Product A,231939,Tokyo,2023-06-10,16,1,540.99
753,2669,2023-05-25,774.76,Product A,934904,New York,2023-06-10,16,1,774.76
754,9892,2023-05-25,495.19,Product B,670027,Paris,2023-06-10,16,1,495.19
755,4090,2023-05-25,246.42,Product D,344907,Tokyo,2023-06-10,16,1,246.42
756,3248,2023-05-25,21.24,Product D,463546,Paris,2023-06-10,16,1,21.24
757,6008,2023-05-25,588.33,Product C,946934,Paris,2023-06-10,16,1,588.33
758,2195,2023-05-25,69.31,Product D,535810,Tokyo,2023-06-10,16,1,69.31
759,8612,2023-05-25,483.75,Product B,950916,London,2023-06-10,16,1,483.75
760,4920,2023-05-26,166.79,Product A,679077,Tokyo,2023-06-10,15,1,166.79
761,7626,2023-05-26,643.74,Product C,220768,Tokyo,2023-06-10,15,1,643.74
762,6582,2023-05-26,185.69,Product C,162448,New York,2023-06-10,15,1,185.69
763,2691,2023-05-26,968.76,Product C,975427,Paris,2023-06-10,15,1,968.76
764,5215,2023-05-26,194.34,Product C,929179,Paris,2023-06-10,15,1,194.34
765,2033,2023-05-26,778.43,Product D,138780,Paris,2023-06-10,15,1,778.43
766,8640,2023-05-26,938.12,Product A,261169,Paris,2023-06-10,15,1,938.12
767,7809,2023-05-26,841.49,Product D,275377,New York,2023-06-10,15,1,841.49
768,4257,2023-05-26,653.39,Product D,331148,Tokyo,2023-06-10,15,1,653.39
769,5735,2023-05-26,215.21,Product D,432441,Tokyo,2023-06-10,15,1,215.21
770,3173,2023-05-26,653.59,Product B,628370,Paris,2023-06-10,15,1,653.59
771,5308,2023-05-26,975.3,Product A,620248,Tokyo,2023-06-10,15,1,975.3
772,6411,2023-05-26,477.68,Product B,105433,London,2023-06-10,15,1,477.68
773,4185,2023-05-26,699.39,Product D,519066,London,2023-06-10,15,1,699.39
774,6302,2023-05-26,299.71,Product C,999695,New York,2023-06-10,15,1,299.71
775,6071,2023-05-27,770.94,Product D,402808,London,2023-06-10,14,1,770.94
776,3747,2023-05-27,688.74,Product D,725510,New York,2023-06-10,14,1,688.74
777,1711,2023-05-27,464.83,Product A,496922,New York,2023-06-10,14,1,464.83
778,8924,2023-05-27,691.77,Product C,547798,Paris,2023-06-10,14,1,691.77
779,9751,2023-05-27,252.36,Product D,497887,Paris,2023-06-10,14,1,252.36
780,6005,2023-05-27,702.45,Product B,550081,New York,2023-06-10,14,1,702.45
781,2438,2023-05-27,388.39,Product B,537605,London,2023-06-10,14,1,388.39
782,3041,2023-05-27,901.05,Product C,799287,Tokyo,2023-06-10,14,1,901.05
783,9673,2023-05-27,281.99,Product C,117975,Tokyo,2023-06-10,14,1,281.99
784,1612,2023-05-27,810.26,Product D,182289,New York,2023-06-10,14,1,810.26
785,4562,2023-05-27,86.43,Product C,931420,Tokyo,2023-06-10,14,1,86.43
786,8179,2023-05-27,425.46,Product B,534130,Tokyo,2023-06-10,14,1,425.46
787,5040,2023-05-27,628.78,Product B,580102,New York,2023-06-10,14,1,628.78
788,6303,2023-05-27,473.71,Product B,172222,London,2023-06-10,14,1,473.71
789,3048,2023-05-27,242.28,Product C,880009,New York,2023-06-10,14,1,242.28
790,3384,2023-05-27,39.19,Product C,534152,Tokyo,2023-06-10,14,1,39.19
791,2658,2023-05-27,238.71,Product D,298663,London,2023-06-10,14,1,238.71
792,4675,2023-05-27,985.03,Product B,869735,New York,2023-06-10,14,1,985.03
793,4727,2023-05-28,99.48,Product A,897305,New York,2023-06-10,13,1,99.48
794,9175,2023-05-28,207.67,Product B,378297,London,2023-06-10,13,1,207.67
795,5923,2023-05-28,448.68,Product C,382507,Tokyo,2023-06-10,13,1,448.68
796,8370,2023-05-28,341.31,Product C,477808,Paris,2023-06-10,13,1,341.31
797,8078,2023-05-28,329.1,Product C,127121,New York,2023-06-10,13,1,329.1
798,5049,2023-05-28,994.59,Product B,583220,New York,2023-06-10,13,1,994.59
799,1212,2023-05-28,258.83,Product D,970300,London,2023-06-10,13,1,258.83
800,3607,2023-05-28,862.88,Product D,371782,London,2023-06-10,13,1,862.88
801,4714,2023-05-28,656.25,Product A,764678,Tokyo,2023-06-10,13,1,656.25
802,9689,2023-05-28,58.09,Product D,979562,Tokyo,2023-06-10,13,1,58.09
803,8511,2023-05-28,94.05,Product A,629979,London,2023-06-10,13,1,94.05
804,3647,2023-05-28,447.42,Product D,688153,New York,2023-06-10,13,1,447.42
805,5009,2023-05-28,53.79,Product D,345722,London,2023-06-10,13,1,53.79
806,7445,2023-05-28,165.44,Product C,817552,Paris,2023-06-10,13,1,165.44
807,4646,2023-05-28,674.63,Product B,894586,London,2023-06-10,13,1,674.63
808,5201,2023-05-28,484.29,Product B,968170,Paris,2023-06-10,13,1,484.29
809,2753,2023-05-28,557.69,Product C,395442,London,2023-06-10,13,1,557.69
810,2582,2023-05-28,741.41,Product B,683397,New York,2023-06-10,13,1,741.41
811,1049,2023-05-28,225.72,Product A,147489,Tokyo,2023-06-10,13,1,225.72
812,6885,2023-05-29,196.54,Product D,120053,London,2023-06-10,12,1,196.54
813,2489,2023-05-29,56.65,Product A,260265,London,2023-06-10,12,1,56.65
814,7288,2023-05-29,742.35,Product A,625119,Paris,2023-06-10,12,1,742.35
815,6896,2023-05-29,277.07,Product B,191537,London,2023-06-10,12,1,277.07
816,9954,2023-05-29,798.01,Product B,106687,Tokyo,2023-06-10,12,1,798.01
817,2036,2023-05-29,748.49,Product A,834928,New York,2023-06-10,12,1,748.49
818,8242,2023-05-29,61.1,Product C,675898,London,2023-06-10,12,1,61.1
819,1659,2023-05-29,758.71,Product D,644173,Tokyo,2023-06-10,12,1,758.71
820,4110,2023-05-29,167.75,Product D,622987,Paris,2023-06-10,12,1,167.75
821,5216,2023-05-29,823.38,Product D,583214,London,2023-06-10,12,1,823.38
822,2133,2023-05-29,537.38,Product B,234628,Tokyo,2023-06-10,12,2,1386.69
823,2133,2023-06-02,849.31,Product D,805668,Tokyo,2023-06-10,8,2,1386.69
824,7025,2023-05-29,592.5,Product B,913848,London,2023-06-10,12,1,592.5
825,3555,2023-05-29,731.2,Product A,217830,New York,2023-06-10,12,1,731.2
826,5558,2023-05-29,951.69,Product D,364525,New York,2023-06-10,12,1,951.69
827,3221,2023-05-29,787.83,Product A,390794,London,2023-06-10,12,1,787.83
828,2890,2023-05-29,358.72,Product D,711116,Tokyo,2023-06-10,12,1,358.72
829,9475,2023-05-29,247.9,Product A,944554,Tokyo,2023-06-10,12,1,247.9
830,8273,2023-05-29,86.12,Product B,655178,Paris,2023-06-10,12,1,86.12
831,8300,2023-05-29,599.18,Product A,332873,Tokyo,2023-06-10,12,1,599.18
832,2765,2023-05-29,420.33,Product A,909652,Tokyo,2023-06-10,12,1,420.33
833,9797,2023-05-29,274.16,Product C,216970,Paris,2023-06-10,12,1,274.16
834,2882,2023-05-29,285.78,Product B,946432,Tokyo,2023-06-10,12,1,285.78
835,8692,2023-05-29,841.33,Product B,488712,Paris,2023-06-10,12,1,841.33
836,7511,2023-05-29,211.66,Product D,287401,Paris,2023-06-10,12,2,1018.1999999999999
837,7511,2023-06-04,806.54,Product C,194689,Tokyo,2023-06-10,6,2,1018.1999999999999
838,1833,2023-05-30,933.06,Product C,614379,Paris,2023-06-10,11,1,933.06
839,5520,2023-05-30,405.44,Product D,525146,London,2023-06-10,11,1,405.44
840,2728,2023-05-30,642.24,Product C,807256,Tokyo,2023-06-10,11,1,642.24
841,6269,2023-05-30,290.23,Product D,659572,Paris,2023-06-10,11,1,290.23
842,3230,2023-05-30,772.45,Product A,262959,New York,2023-06-10,11,1,772.45
843,2404,2023-05-30,622.43,Product B,847748,New York,2023-06-10,11,1,622.43
844,2124,2023-05-30,957.71,Product A,890870,New York,2023-06-10,11,1,957.71
845,7084,2023-05-30,98.59,Product B,624203,New York,2023-06-10,11,1,98.59
846,5179,2023-05-30,111.88,Product A,339499,New York,2023-06-10,11,1,111.88
847,3945,2023-05-30,589.59,Product B,512160,Tokyo,2023-06-10,11,1,589.59
848,1719,2023-05-30,179.18,Product C,692960,London,2023-06-10,11,1,179.18
849,3954,2023-05-30,90.0,Product C,761685,London,2023-06-10,11,1,90.0
850,5543,2023-05-30,779.9,Product D,757193,London,2023-06-10,11,1,779.9
851,3742,2023-05-31,283.34,Product A,515035,London,2023-06-10,10,1,283.34
852,6432,2023-05-31,436.15,Product A,203396,Paris,2023-06-10,10,1,436.15
853,2194,2023-05-31,710.6,Product B,292800,New York,2023-06-10,10,1,710.6
854,8342,2023-05-31,27.07,Product C,332360,Tokyo,2023-06-10,10,1,27.07
855,5334,2023-05-31,793.34,Product B,545790,New York,2023-06-10,10,1,793.34
856,7932,2023-05-31,383.22,Product D,726979,Tokyo,2023-06-10,10,1,383.22
857,9907,2023-05-31,29.33,Product D,919898,Paris,2023-06-10,10,1,29.33
858,6869,2023-05-31,790.55,Product C,116547,London,2023-06-10,10,1,790.55
859,1505,2023-05-31,763.45,Product C,134283,Paris,2023-06-10,10,1,763.45
860,5747,2023-05-31,400.38,Product B,452497,New York,2023-06-10,10,1,400.38
861,8043,2023-05-31,584.18,Product C,587575,Tokyo,2023-06-10,10,1,584.18
862,3852,2023-05-31,367.88,Product B,227257,London,2023-06-10,10,1,367.88
863,8951,2023-05-31,350.3,Product A,148174,New York,2023-06-10,10,1,350.3
864,7889,2023-05-31,887.98,Product C,373216,Paris,2023-06-10,10,1,887.98
865,2624,2023-05-31,704.76,Product B,550961,Tokyo,2023-06-10,10,1,704.76
866,6850,2023-05-31,76.88,Product B,868544,New York,2023-06-10,10,1,76.88
867,8657,2023-06-01,983.18,Product B,741674,New York,2023-06-10,9,1,983.18
868,1086,2023-06-01,100.18,Product B,594580,Tokyo,2023-06-10,9,1,100.18
869,6901,2023-06-01,680.0,Product D,874415,New York,2023-06-10,9,1,680.0
870,6210,2023-06-01,740.72,Product C,720298,New York,2023-06-10,9,1,740.72
871,9426,2023-06-01,513.65,Product D,145981,Paris,2023-06-10,9,1,513.65
872,6549,2023-06-01,124.02,Product A,247594,London,2023-06-10,9,1,124.02
873,9806,2023-06-01,667.45,Product B,898867,London,2023-06-10,9,1,667.45
874,2695,2023-06-01,900.14,Product C,849014,New York,2023-06-10,9,1,900.14
875,9880,2023-06-02,759.22,Product D,672892,London,2023-06-10,8,1,759.22
876,4308,2023-06-02,630.95,Product C,435281,New York,2023-06-10,8,1,630.95
877,5582,2023-06-02,989.2,Product A,234913,New York,2023-06-10,8,1,989.2
878,6876,2023-06-02,458.07,Product B,878476,Tokyo,2023-06-10,8,1,458.07
879,6381,2023-06-02,136.52,Product A,777406,Tokyo,2023-06-10,8,1,136.52
880,4538,2023-06-02,871.0,Product C,911984,London,2023-06-10,8,1,871.0
881,4196,2023-06-02,390.1,Product D,529008,Tokyo,2023-06-10,8,1,390.1
882,5444,2023-06-02,87.11,Product C,225200,New York,2023-06-10,8,1,87.11
883,7708,2023-06-02,579.15,Product B,432427,New York,2023-06-10,8,1,579.15
884,2869,2023-06-02,74.69,Product D,177680,New York,2023-06-10,8,1,74.69
885,7242,2023-06-02,642.16,Product C,213609,London,2023-06-10,8,1,642.16
886,3826,2023-06-02,676.85,Product C,744333,New York,2023-06-10,8,1,676.85
887,8780,2023-06-02,26.47,Product C,806537,New York,2023-06-10,8,1,26.47
888,6781,2023-06-02,869.04,Product D,931161,Tokyo,2023-06-10,8,1,869.04
889,7342,2023-06-02,527.36,Product D,700534,London,2023-06-10,8,1,527.36
890,6818,2023-06-03,637.32,Product C,674295,Paris,2023-06-10,7,1,637.32
891,5803,2023-06-03,632.35,Product C,705397,London,2023-06-10,7,1,632.35
892,7807,2023-06-03,487.67,Product D,355570,Tokyo,2023-06-10,7,1,487.67
893,4533,2023-06-03,158.02,Product D,216587,Paris,2023-06-10,7,1,158.02
894,2010,2023-06-03,783.15,Product B,237064,London,2023-06-10,7,1,783.15
895,3704,2023-06-03,472.72,Product B,752483,New York,2023-06-10,7,1,472.72
896,8001,2023-06-03,554.97,Product C,593687,London,2023-06-10,7,1,554.97
897,2153,2023-06-03,310.87,Product B,644719,New York,2023-06-10,7,1,310.87
898,4522,2023-06-03,858.01,Product B,195643,London,2023-06-10,7,1,858.01
899,2011,2023-06-03,552.17,Product B,700521,London,2023-06-10,7,1,552.17
900,7862,2023-06-03,899.64,Product A,396439,New York,2023-06-10,7,1,899.64
901,8595,2023-06-03,649.64,Product A,857750,New York,2023-06-10,7,1,649.64
902,9311,2023-06-03,514.62,Product D,843167,Paris,2023-06-10,7,1,514.62
903,8484,2023-06-04,309.1,Product D,994787,Tokyo,2023-06-10,6,1,309.1
904,1891,2023-06-04,753.53,Product D,775990,New York,2023-06-10,6,1,753.53
905,8369,2023-06-04,377.37,Product B,154040,Paris,2023-06-10,6,1,377.37
906,1439,2023-06-04,848.6,Product C,315425,London,2023-06-10,6,1,848.6
907,5281,2023-06-04,540.74,Product C,741603,Paris,2023-06-10,6,1,540.74
908,7164,2023-06-04,740.7,Product C,208998,London,2023-06-10,6,1,740.7
909,6383,2023-06-04,677.61,Product D,432043,Tokyo,2023-06-10,6,1,677.61
910,2556,2023-06-04,760.62,Product A,110142,London,2023-06-10,6,1,760.62
911,6319,2023-06-04,378.0,Product D,966286,Paris,2023-06-10,6,1,378.0
912,9452,2023-06-04,133.43,Product A,900185,London,2023-06-10,6,1,133.43
913,4868,2023-06-04,369.06,Product C,670913,Paris,2023-06-10,6,1,369.06
914,1721,2023-06-04,864.3,Product B,148215,Tokyo,2023-06-10,6,1,864.3
915,4014,2023-06-04,393.59,Product D,244192,London,2023-06-10,6,1,393.59
916,9054,2023-06-04,699.22,Product A,339030,London,2023-06-10,6,1,699.22
917,4948,2023-06-04,233.09,Product B,944917,Tokyo,2023-06-10,6,1,233.09
918,8598,2023-06-04,126.6,Product A,765213,New York,2023-06-10,6,1,126.6
919,1305,2023-06-04,512.11,Product A,952117,Tokyo,2023-06-10,6,2,1234.46
920,1305,2023-06-06,722.35,Product C,189913,London,2023-06-10,4,2,1234.46
921,4913,2023-06-04,964.36,Product B,893988,London,2023-06-10,6,1,964.36
922,1207,2023-06-04,425.86,Product D,210665,Tokyo,2023-06-10,6,1,425.86
923,4878,2023-06-05,170.88,Product B,532322,New York,2023-06-10,5,1,170.88
924,5564,2023-06-05,78.73,Product C,468203,Tokyo,2023-06-10,5,1,78.73
925,6323,2023-06-05,462.97,Product B,548324,Tokyo,2023-06-10,5,1,462.97
926,8620,2023-06-05,289.48,Product C,443199,New York,2023-06-10,5,1,289.48
927,9462,2023-06-05,380.17,Product A,640299,London,2023-06-10,5,1,380.17
928,3656,2023-06-05,153.16,Product A,539963,Paris,2023-06-10,5,1,153.16
929,3972,2023-06-05,151.82,Product D,172965,London,2023-06-10,5,1,151.82
930,2975,2023-06-05,428.09,Product B,600905,New York,2023-06-10,5,1,428.09
931,3604,2023-06-05,933.4,Product C,197874,Paris,2023-06-10,5,1,933.4
932,1514,2023-06-05,337.12,Product B,392004,Tokyo,2023-06-10,5,1,337.12
933,5687,2023-06-05,540.28,Product C,530849,Paris,2023-06-10,5,1,540.28
934,6328,2023-06-05,481.39,Product C,675191,Tokyo,2023-06-10,5,1,481.39
935,3267,2023-06-05,257.5,Product D,489244,New York,2023-06-10,5,1,257.5
936,7717,2023-06-05,658.23,Product B,178463,Tokyo,2023-06-10,5,1,658.23
937,6327,2023-06-05,284.12,Product C,297509,London,2023-06-10,5,1,284.12
938,9622,2023-06-05,371.24,Product A,491738,Tokyo,2023-06-10,5,1,371.24
939,1878,2023-06-05,365.45,Product A,608149,London,2023-06-10,5,1,365.45
940,6295,2023-06-05,971.26,Product C,258290,Tokyo,2023-06-10,5,1,971.26
941,3926,2023-06-05,40.96,Product A,608947,London,2023-06-10,5,1,40.96
942,3223,2023-06-05,467.08,Product A,372793,Tokyo,2023-06-10,5,1,467.08
943,7622,2023-06-05,519.45,Product A,789606,Tokyo,2023-06-10,5,1,519.45
944,8105,2023-06-06,689.91,Product B,459381,Tokyo,2023-06-10,4,1,689.91
945,8736,2023-06-06,202.6,Product A,813763,Tokyo,2023-06-10,4,1,202.6
946,5221,2023-06-06,393.3,Product A,681896,Paris,2023-06-10,4,1,393.3
947,2391,2023-06-06,62.08,Product B,891083,New York,2023-06-10,4,1,62.08
948,6517,2023-06-06,768.64,Product B,726258,Tokyo,2023-06-10,4,1,768.64
949,5990,2023-06-06,513.25,Product B,786393,Tokyo,2023-06-10,4,1,513.25
950,4624,2023-06-06,221.22,Product C,447148,Paris,2023-06-10,4,1,221.22
951,7997,2023-06-06,113.06,Product B,676680,Tokyo,2023-06-10,4,1,113.06
952,7022,2023-06-06,306.26,Product D,911032,London,2023-06-10,4,1,306.26
953,9066,2023-06-07,985.51,Product C,614646,London,2023-06-10,3,1,985.51
954,8622,2023-06-07,294.76,Product B,177449,Tokyo,2023-06-10,3,1,294.76
955,2143,2023-06-07,201.56,Product D,572536,Paris,2023-06-10,3,1,201.56
956,2926,2023-06-07,140.26,Product B,103704,Paris,2023-06-10,3,1,140.26
957,2562,2023-06-07,532.88,Product A,340927,London,2023-06-10,3,1,532.88
958,1230,2023-06-07,328.99,Product B,118786,New York,2023-06-10,3,1,328.99
959,5107,2023-06-07,49.09,Product D,686179,Paris,2023-06-10,3,1,49.09
960,3203,2023-06-07,850.9,Product C,923481,Tokyo,2023-06-10,3,1,850.9
961,5114,2023-06-07,909.08,Product A,196781,Tokyo,2023-06-10,3,1,909.08
962,7135,2023-06-07,388.65,Product D,493892,New York,2023-06-10,3,1,388.65
963,9582,2023-06-08,143.9,Product B,788108,London,2023-06-10,2,1,143.9
964,4517,2023-06-08,195.28,Product C,567676,London,2023-06-10,2,1,195.28
965,9317,2023-06-08,115.35,Product C,982554,London,2023-06-10,2,1,115.35
966,2964,2023-06-08,87.7,Product D,743644,New York,2023-06-10,2,1,87.7
967,8532,2023-06-08,87.08,Product C,703727,Tokyo,2023-06-10,2,1,87.08
968,4729,2023-06-08,266.06,Product D,573039,Tokyo,2023-06-10,2,1,266.06
969,8381,2023-06-08,448.29,Product D,420214,New York,2023-06-10,2,1,448.29
970,4485,2023-06-08,46.29,Product C,669868,Tokyo,2023-06-10,2,1,46.29
971,6916,2023-06-09,323.31,Product D,979727,Tokyo,2023-06-10,1,1,323.31
972,7296,2023-06-09,984.6,Product C,846172,New York,2023-06-10,1,1,984.6
973,5905,2023-06-09,666.75,Product B,377312,New York,2023-06-10,1,1,666.75
974,8450,2023-06-09,409.92,Product A,373791,London,2023-06-10,1,1,409.92
975,6544,2023-06-09,969.96,Product A,162678,Paris,2023-06-10,1,1,969.96
976,4470,2023-06-09,198.12,Product A,883159,Tokyo,2023-06-10,1,1,198.12
977,7018,2023-06-09,799.32,Product C,940064,New York,2023-06-10,1,1,799.32
978,6860,2023-06-09,507.81,Product C,925115,Paris,2023-06-10,1,1,507.81
979,4052,2023-06-09,751.51,Product C,139286,New York,2023-06-10,1,1,751.51
980,3880,2023-06-09,920.44,Product D,926236,Tokyo,2023-06-10,1,1,920.44
981,6761,2023-06-10,571.97,Product B,690462,London,2023-06-10,0,1,571.97
982,3213,2023-06-10,700.65,Product B,719531,Tokyo,2023-06-10,0,1,700.65
983,2625,2023-06-10,765.11,Product B,377501,New York,2023-06-10,0,1,765.11
984,6598,2023-06-10,768.49,Product B,337547,London,2023-06-10,0,1,768.49
985,2502,2023-06-10,911.4,Product D,466566,New York,2023-06-10,0,1,911.4
986,7498,2023-06-10,717.86,Product A,720859,London,2023-06-10,0,1,717.86
987,3443,2023-06-10,99.18,Product A,858711,New York,2023-06-10,0,1,99.18
988,1509,2023-06-10,410.35,Product D,682959,London,2023-06-10,0,1,410.35
989,1960,2023-06-10,845.91,Product A,536236,Tokyo,2023-06-10,0,1,845.91
990,6570,2023-06-10,125.84,Product C,664032,Paris,2023-06-10,0,1,125.84
991,1029,2023-06-10,704.99,Product D,992083,New York,2023-06-10,0,1,704.99
992,5938,2023-06-10,219.12,Product B,901280,Paris,2023-06-10,0,1,219.12
993,1990,2023-06-10,791.4,Product C,759104,Tokyo,2023-06-10,0,1,791.4
994,4982,2023-06-10,624.79,Product B,972881,Paris,2023-06-10,0,1,624.79
995,2970,2023-06-10,759.62,Product B,275284,London,2023-06-10,0,1,759.62
996,6669,2023-06-10,941.5,Product C,987025,New York,2023-06-10,0,1,941.5
997,8836,2023-06-10,545.36,Product C,512842,London,2023-06-10,0,1,545.36
998,1440,2023-06-10,729.94,Product B,559753,Paris,2023-06-10,0,1,729.94
999,4759,2023-06-10,804.28,Product D,467544,New York,2023-06-10,0,1,804.28
